﻿{"paragraphs":[{"user":"anonymous","config":{"colWidth":12,"fontSize":9,"enabled":true,"results":{},"editorSetting":{"language":"sh","editOnDblClick":false,"completionKey":"TAB","completionSupport":false},"editorMode":"ace/mode/sh","title":true},"settings":{"params":{},"forms":{}},"apps":[],"jobName":"paragraph_1617470453548_-634030720","id":"20210403-225053_508428433","dateCreated":"2021-04-03T22:50:53+0530","status":"ERROR","progressUpdateIntervalMs":500,"focus":true,"$$hashKey":"object:363","text":"%sh\nhdfs dfs -put startup.csv\nhdfs dfs -put consumerInternet.parquet\n","dateUpdated":"2021-04-03T23:20:41+0530","dateFinished":"2021-04-03T23:04:32+0530","dateStarted":"2021-04-03T23:04:16+0530","title":"Putting files into HDFS","results":{"code":"ERROR","msg":[{"type":"TEXT","data":"put: `startup.csv': File exists\nput: `consumerInternet.parquet': File exists\n"},{"type":"TEXT","data":"ExitValue: 1"}]}},{"user":"anonymous","config":{"colWidth":12,"fontSize":9,"enabled":true,"results":{},"editorSetting":{"language":"python","editOnDblClick":false,"completionKey":"TAB","completionSupport":true},"editorMode":"ace/mode/python","title":true},"settings":{"params":{},"forms":{}},"apps":[],"jobName":"paragraph_1617470632404_296006071","id":"20210403-225352_129378367","dateCreated":"2021-04-03T22:53:52+0530","status":"FINISHED","progressUpdateIntervalMs":500,"focus":true,"$$hashKey":"object:510","text":"%pyspark\n\ndf=spark.read.csv(\"startup.csv\",inferSchema=True,header=True)\ndf1=spark.read.parquet(\"consumerInternet.parquet\")\n\ndf3=df.unionAll(df1)\n\ndf3.printSchema()","dateUpdated":"2021-04-03T23:21:21+0530","dateFinished":"2021-04-03T23:13:08+0530","dateStarted":"2021-04-03T23:13:05+0530","title":"Reading Data Files and Combining Them","results":{"code":"SUCCESS","msg":[{"type":"TEXT","data":"root\n |-- Sr_No: string (nullable = true)\n |-- Date: string (nullable = true)\n |-- Startup_Name: string (nullable = true)\n |-- Industry_Vertical: string (nullable = true)\n |-- SubVertical: string (nullable = true)\n |-- City: string (nullable = true)\n |-- Investors_Name: string (nullable = true)\n |-- InvestmentnType: string (nullable = true)\n |-- Amount_in_USD: string (nullable = true)\n |-- Remarks: string (nullable = true)\n\n"}]}},{"text":"%pyspark\n# Parquet files can also be used to create a temporary view and then used in SQL statements.\ndf3.createOrReplaceTempView(\"df3\")\n\nPuneStartups = spark.sql(\"SELECT COUNT(Startup_Name) FROM df3 WHERE City = 'Pune'\")\nPuneStartups.show()","user":"anonymous","dateUpdated":"2021-04-03T23:22:40+0530","config":{"colWidth":12,"fontSize":9,"enabled":true,"results":{},"editorSetting":{"language":"python","editOnDblClick":false,"completionKey":"TAB","completionSupport":true},"editorMode":"ace/mode/python","title":true},"settings":{"params":{},"forms":{}},"apps":[],"jobName":"paragraph_1617471555636_1952761800","id":"20210403-230915_434794779","dateCreated":"2021-04-03T23:09:15+0530","status":"FINISHED","progressUpdateIntervalMs":500,"focus":true,"$$hashKey":"object:767","dateFinished":"2021-04-03T23:18:48+0530","dateStarted":"2021-04-03T23:18:42+0530","title":"How many startups are there in Pune City?","results":{"code":"SUCCESS","msg":[{"type":"TEXT","data":"+-------------------+\n|count(Startup_Name)|\n+-------------------+\n|                105|\n+-------------------+\n\n"}]}},{"text":"%pyspark\n\nStartups = spark.sql(\"SELECT * FROM df3 LIMIT 20\")\nStartups.show()","user":"anonymous","dateUpdated":"2021-04-04T00:31:37+0530","config":{"colWidth":12,"fontSize":9,"enabled":true,"results":{},"editorSetting":{"language":"scala","editOnDblClick":false,"completionKey":"TAB","completionSupport":true},"editorMode":"ace/mode/scala"},"settings":{"params":{},"forms":{}},"apps":[],"jobName":"paragraph_1617472427361_2110614400","id":"20210403-232347_453370421","dateCreated":"2021-04-03T23:23:47+0530","status":"FINISHED","progressUpdateIntervalMs":500,"focus":true,"$$hashKey":"object:1161","dateFinished":"2021-04-04T00:31:37+0530","dateStarted":"2021-04-04T00:31:37+0530","results":{"code":"SUCCESS","msg":[{"type":"TEXT","data":"+-----+----------+--------------------+--------------------+--------------------+-------------+--------------------+--------------------+-------------+-------+\n|Sr_No|      Date|        Startup_Name|   Industry_Vertical|         SubVertical|         City|      Investors_Name|     InvestmentnType|Amount_in_USD|Remarks|\n+-----+----------+--------------------+--------------------+--------------------+-------------+--------------------+--------------------+-------------+-------+\n|    1|09/01/2020|              BYJU’S|              E-Tech|          E-learning|    Bengaluru|Tiger Global Mana...|Private Equity Round| 20,00,00,000|   null|\n|    2|13/01/2020|              Shuttl|      Transportation|App based shuttle...|      Gurgaon|Susquehanna Growt...|            Series C|    80,48,394|   null|\n|    3|09/01/2020|           Mamaearth|          E-commerce|Retailer of baby ...|    Bengaluru|Sequoia Capital I...|            Series B|  1,83,58,860|   null|\n|    4|02/01/2020|https://www.wealt...|             FinTech|   Online Investment|    New Delhi|      Vinod Khatumal|        Pre-series A|    30,00,000|   null|\n|    5|02/01/2020|              Fashor| Fashion and Apparel|Embroiled Clothes...|       Mumbai|Sprout Venture Pa...|          Seed Round|    18,00,000|   null|\n|    6|13/01/2020|               Pando|           Logistics|Open-market, frei...|      Chennai|   Chiratae Ventures|            Series A|    90,00,000|   null|\n|    7|10/01/2020|              Zomato|         Hospitality|Online Food Deliv...|      Gurgaon|       Ant Financial|Private Equity Round| 15,00,00,000|   null|\n|    8|12/12/2019|              Ecozen|          Technology|            Agritech|         Pune|Sathguru Catalyze...|            Series A|    60,00,000|   null|\n|    9|06/12/2019|            CarDekho|          E-Commerce|          Automobile|      Gurgaon|Ping An Global Vo...|            Series D|  7,00,00,000|   null|\n|   10|03/12/2019|        Dhruva Space|           Aerospace|Satellite Communi...|    Bengaluru|Mumbai Angels, Ra...|                Seed|  5,00,00,000|   null|\n|   11|13/12/2019|              Rivigo|          Technology|Logistics Service...|      Gurgaon|SAIF Partners, Sp...|            Series F|  2,00,00,000|   null|\n|   12|17/12/2019|          Healthians|B2B-focused foodt...|Food Solutions Fo...|    Bengaluru|Paytm, NPTK, Sabr...|            Series C|  1,20,00,000|   null|\n|   13|16/12/2019|             Licious|          E-Commerce|Online Meat And S...|    Bengaluru|  Vertex Growth Fund|            Series E|  3,00,00,000|   null|\n|   14|16/12/2019|              InCred|             Finance|Non-Banking Finan...|       Mumbai|                null|        Debt Funding|    59,00,000|   null|\n|   15|14/12/2019|               Trell|               Video|Experience Discov...|    Bengaluru| Ruizheng Investment|          Seed Round|    20,00,000|   null|\n|   16|11/12/2019|          Rein Games|              Gaming|Real money based ...|        Noida|Manipal Education...|          Seed Round|  5,00,00,000|   null|\n|   17|20/12/2019|        Lenskart.com|          E-Commerce|Online Eyewear Sh...|    Faridabad|SoftBank Vision Fund|            Series G| 23,10,00,000|   null|\n|   18|13/11/2019|          Freshworks|            Software|Business and cust...|San Francisco|Sequoia, CapitalG...|            Series H| 15,00,00,000|   null|\n|   19|14/11/2019|             Misters| Health and wellness|Men's Health and ...|      Gurgaon|Sauce.vc, Rainfor...|            Series B|     4,86,000|   null|\n|   20|13/11/2019|Sunstone Eduversi...|           Education|           Elearning|      Gurgaon|Prime Venture Par...|                Seed|    15,00,000|   null|\n+-----+----------+--------------------+--------------------+--------------------+-------------+--------------------+--------------------+-------------+-------+\n\n"}]}},{"text":"%pyspark\n\nStartups = spark.sql(\"SELECT COUNT(Startup_Name) FROM df3 WHERE InvestmentnType like 'Seed%/%' AND City = 'Pune'\")\nStartups.show()","user":"anonymous","dateUpdated":"2021-04-03T23:47:52+0530","config":{"colWidth":12,"fontSize":9,"enabled":true,"results":{},"editorSetting":{"language":"python","editOnDblClick":false,"completionKey":"TAB","completionSupport":true},"editorMode":"ace/mode/python","title":true},"settings":{"params":{},"forms":{}},"apps":[],"jobName":"paragraph_1617472122571_1212714051","id":"20210403-231842_2017938577","dateCreated":"2021-04-03T23:18:42+0530","status":"FINISHED","progressUpdateIntervalMs":500,"focus":true,"$$hashKey":"object:900","dateFinished":"2021-04-03T23:47:53+0530","dateStarted":"2021-04-03T23:47:52+0530","title":"How many startups in Pune got their Seed/ Angel Funding?","results":{"code":"SUCCESS","msg":[{"type":"TEXT","data":"+-------------------+\n|count(Startup_Name)|\n+-------------------+\n|                  6|\n+-------------------+\n\n"}]}},{"text":"%pyspark\n\nPuneCityAmount = spark.sql(\"SELECT SUM(regexp_replace(Amount_in_USD, 'N/A', '00')) AS Amount FROM df3 WHERE City = 'Pune'\")\nPuneCityAmount.show()","user":"anonymous","dateUpdated":"2021-04-04T00:30:08+0530","config":{"colWidth":12,"fontSize":9,"enabled":true,"results":{},"editorSetting":{"language":"python","editOnDblClick":false,"completionKey":"TAB","completionSupport":true},"editorMode":"ace/mode/python","title":true,"tableHide":false},"settings":{"params":{},"forms":{}},"apps":[],"jobName":"paragraph_1617472858346_-1149000653","id":"20210403-233058_191237691","dateCreated":"2021-04-03T23:30:58+0530","status":"FINISHED","progressUpdateIntervalMs":500,"focus":true,"$$hashKey":"object:1311","dateFinished":"2021-04-04T00:30:08+0530","dateStarted":"2021-04-04T00:30:08+0530","title":"What is the total amount raised by startups in PuneCity? Hint - use regex_replace to get rid of null","results":{"code":"SUCCESS","msg":[{"type":"TEXT","data":"+------+\n|Amount|\n+------+\n|   0.0|\n+------+\n\n"}]}},{"text":"%pyspark\n\n#Industry_Vertical\n\nTopFive = spark.sql(\"SELECT Industry_Vertical, COUNT(Startup_Name) FROM df3 GROUP BY Industry_Vertical ORDER BY COUNT(Startup_Name) DESC LIMIT 5\")\nTopFive.show()","user":"anonymous","dateUpdated":"2021-04-04T00:37:52+0530","config":{"colWidth":12,"fontSize":9,"enabled":true,"results":{},"editorSetting":{"language":"python","editOnDblClick":false,"completionKey":"TAB","completionSupport":true},"editorMode":"ace/mode/python","title":true},"settings":{"params":{},"forms":{}},"apps":[],"jobName":"paragraph_1617475990033_882206453","id":"20210404-002310_1527742376","dateCreated":"2021-04-04T00:23:10+0530","status":"FINISHED","progressUpdateIntervalMs":500,"focus":true,"$$hashKey":"object:2477","dateFinished":"2021-04-04T00:37:58+0530","dateStarted":"2021-04-04T00:37:52+0530","title":"What are the top 5 Industry_Vertical which has the highest number of startups in India?","results":{"code":"SUCCESS","msg":[{"type":"TEXT","data":"+-----------------+-------------------+\n|Industry_Vertical|count(Startup_Name)|\n+-----------------+-------------------+\n|Consumer Internet|                941|\n|       Technology|                478|\n|        eCommerce|                186|\n|              nan|                171|\n|       Healthcare|                 70|\n+-----------------+-------------------+\n\n"}]}},{"text":"%pyspark\n# Investors_Name\n# Date  09/01/2020\n\n#TopInvestor = spark.sql(\"SELECT EXTRACT(YEAR FROM TO_DATE(Date,'DD/MM/YYYY') AS Date, Investors_Name FROM df3\")\n#TopInvestor.show()","user":"anonymous","dateUpdated":"2021-04-04T00:48:03+0530","config":{"colWidth":12,"fontSize":9,"enabled":true,"results":{},"editorSetting":{"language":"python","editOnDblClick":false,"completionKey":"TAB","completionSupport":true},"editorMode":"ace/mode/python","title":true},"settings":{"params":{},"forms":{}},"apps":[],"jobName":"paragraph_1617474525404_-228040141","id":"20210403-235845_150614939","dateCreated":"2021-04-03T23:58:45+0530","status":"FINISHED","progressUpdateIntervalMs":500,"focus":true,"$$hashKey":"object:1918","dateFinished":"2021-04-04T00:48:03+0530","dateStarted":"2021-04-04T00:48:03+0530","title":"Find the top Investor(by amount) of each year.","results":{"code":"SUCCESS","msg":[]}},{"text":"%pyspark\n","user":"anonymous","dateUpdated":"2021-04-04T00:47:05+0530","config":{"colWidth":12,"fontSize":9,"enabled":true,"results":{},"editorSetting":{"language":"python","editOnDblClick":false,"completionKey":"TAB","completionSupport":true},"editorMode":"ace/mode/python"},"settings":{"params":{},"forms":{}},"apps":[],"jobName":"paragraph_1617477425466_422280384","id":"20210404-004705_1016434219","dateCreated":"2021-04-04T00:47:05+0530","status":"READY","progressUpdateIntervalMs":500,"focus":true,"$$hashKey":"object:2928"}],"name":"DataeazeAssignment","id":"2G2ZGVRBQ","noteParams":{},"noteForms":{},"angularObjects":{},"config":{"isZeppelinNotebookCronEnable":false,"looknfeel":"default","personalizedMode":"false"},"info":{}}